8-9am,Aditya,Ankita,Siddharth,GAURAV,Rachana,Anish,Yash,Aakarsh,Chirag,Vardaan,Avradeep,Anshuman
 9-10am,Aditya,Ankita,Siddharth,GAURAV,Sarthak,Anish,Yash,Aakarsh,Chirag,Vardaan,Vanshi,Anshuman
 10-11am,Ankita,Gauri,Rachana,Sarthak,Yash,Pooja,Aakarsh,Vardaan,Anshuman
11am-12pm,Bhavya,Aditya,Ankita,Pankhil,GAURAV,Samridhi,Gauri,Rachana,Devarsh,Sarthak,Anish,Yash,Shivansh,Pooja,Aakarsh,Anhad,Serena,Chirag,Anukriti,Vardaan,Vanshi,RAJVARDHAN,Avradeep,Anshuman
 12-1pm,Bhavya,Aditya,Ankita,Pankhil,Siddharth,GAURAV,Samridhi,Gauri,Rachana,Devarsh,Sarthak,Anish,Yash,Shivansh,Pooja,Akash,Aakarsh,Serena,Chirag,Anukriti,Vardaan,Vanshi,RAJVARDHAN,Satkriti,Avradeep,Anshuman
 2-3pm,Aditya,GAURAV,Samridhi,Rachana,Devarsh,Shivansh,Akash,Anhad,Serena,Chirag,Anukriti,RAJVARDHAN,Avradeep
 3-4pm,Samridhi,Gauri,Shivansh,Akash,Anhad,Serena,Anukriti,RAJVARDHAN
 4-5pm,Bhavya,Aditya,Pankhil,Samridhi,Anish,Shivansh,Akash,Anhad,Serena,Chirag,Anukriti,RAJVARDHAN,Avradeep
 5-6pm,Bhavya,Ankita,Pankhil,Siddharth,Gauri,Rachana,Devarsh,Sarthak,Yash,Shivansh,Pooja,Aakarsh,Serena,Chirag,Anukriti,Vardaan,RAJVARDHAN,Satkriti,Avradeep,Anshuman
 6-7pm,Bhavya,Aditya,Ankita,Pankhil,Siddharth,Gauri,Rachana,Devarsh,Sarthak,Anish,Yash,Shivansh,Pooja,Aakarsh,Serena,Chirag,Anukriti,Vardaan,RAJVARDHAN,Satkriti,Avradeep,Anshuman
