8-9am,Pankhil,Siddharth,Gauri,Devarsh,Anish,Yash,Pooja,Aakarsh,Chirag,Avradeep
 9-10am,Pankhil,Siddharth,Samridhi,Gauri,Devarsh,Anish,Yash,Pooja,Aakarsh,Anhad,RAJVARDHAN
 10-11am,Samridhi,Devarsh,Sarthak,Anish,Pooja,Serena,Chirag,Vardaan,Vanshi,Anshuman
11am-12pm,Bhavya,Aditya,Pankhil,Siddharth,GAURAV,Gauri,Rachana,Devarsh,Sarthak,Anish,Pooja,Akash,Chirag,Vardaan,Satkriti,Avradeep,Anshuman
 12-1pm,Bhavya,Aditya,Pankhil,Siddharth,GAURAV,Gauri,Devarsh,Sarthak,Anish,Shivansh,Pooja,Aakarsh,Chirag,Vardaan,Vanshi,Satkriti,Anshuman
 2-3pm,Bhavya,GAURAV,Samridhi,Rachana,Akash,Serena,RAJVARDHAN
 3-4pm,Bhavya,Siddharth,GAURAV,Rachana,Akash,Serena,Vanshi,Avradeep
 4-5pm,Bhavya,Ankita,Pankhil,GAURAV,Rachana,Shivansh,Akash,Anukriti,RAJVARDHAN,Satkriti
 5-6pm,Bhavya,Aditya,GAURAV,Samridhi,Rachana,Devarsh,Shivansh,Anhad,Chirag,Satkriti
 6-7pm,Bhavya,Aditya,Samridhi,Gauri,Rachana,Shivansh,Anhad,Avradeep
